file	installed_sha256	runtime_copy_matches	builtin_mapping	automated_transcript	speaker_audit	status
ILB01.WAV	022f8604e6798aa37eef530a417b6b7c4e00f8acae20dfa5a950926cde591768	yes	yes	The Empire has destroyed the main generator, the shield door to Bay 3 is sealed and we can't take off.	Leebo portrait and matching communicator line; no human listening pass	Both modes: visible communication and mixed PCM verified; route and wording limits in PC_VOICE_AUDIT.md
ILB02.WAV	52c42f9ca58b82fe01aae4edd574bda7e541af87641a02b7f5b36d19a6dc151e	yes	no	The S.H.I.E.L.D. door to Bay 3 is sealed, and we can't take off.	Leebo; identity verification pending	Unmapped shorter alternate or fragment of covered communication; no additional message invented
ILB03.WAV	bd406eff1832b4b58d3b25cd6bf6b38e3569fc0cd23972b90bdf6e4fd61085b2	yes	yes	You must activate the six emergency generator switches on the lower level to restore power to the shield doors.	Leebo portrait and matching communicator line; no human listening pass	Both modes: visible communication and mixed PCM verified; route and wording limits in PC_VOICE_AUDIT.md
ILB04.WAV	805a44ed5e0f4ef5b6990d00583524d0befa58c6734ea74f3b85f0d8ebbeebb7	yes	yes	The power has been restored! Find your way to the ship!	Leebo portrait and matching communicator line; no human listening pass	Both modes: original-pointer native communicator text and mixed PCM verified; level-trigger timing outside fixture
ILB05.WAV	25eb7f1ff3f47afa691c60d26f0e3b82907344449ce4846052a82300072e37c5	yes	no	Find your way to the ship!	Leebo; identity verification pending	Unmapped shorter alternate or fragment of covered communication; no additional message invented
ILB06.WAV	72623d2ff18782737cccf6ff4ddf100bb7e3bac9b967afb3d1a6e5a1a2647bde	yes	yes	I'll try to avoid the asteroids while you're busy in the gun turret, sir.	Leebo portrait and matching communicator line; no human listening pass	Both modes: visible communication and mixed PCM verified; route and wording limits in PC_VOICE_AUDIT.md
ILB08.WAV	1b3b64599d8f844d5df51adb36367d218d9838a55177832e359d6b4ca0c80bc0	yes	yes	JUMP TO THE NEXT HAVO TRAIN!	Leebo portrait and matching communicator line; no human listening pass	Both modes: original-pointer native communicator text and mixed PCM verified; level-trigger timing outside fixture
ILB09.WAV	e91ca35339098880a05470013d48f9f0b27ade3bcec0e399f547426fb220cb13	yes	yes	You missed the hover train!	Leebo portrait and matching communicator line; no human listening pass	Both modes: original-pointer native communicator text and mixed PCM verified; level-trigger timing outside fixture
ILB10.WAV	8109a7a9d5c2cbde738f916edb4bf6f5992403ecb591ca71c69792d34fdd7555	yes	yes	I'm shutting off the auto brake, prepare for impact!	Leebo portrait and matching communicator line; no human listening pass	Both modes: original-pointer native communicator text and mixed PCM verified; level-trigger timing outside fixture
ILB11.WAV	1aff1f5230f1c5cec8979afe94779c044fe7423325cfc81752cd2d911104459b	yes	yes	I'll watch the ship, get out there and find Boba Fett!	Leebo portrait and matching communicator line; no human listening pass	Both modes: visible communication and mixed PCM verified; route and wording limits in PC_VOICE_AUDIT.md
ILB13.WAV	b9d4c5ca28adf5d4f4da5ac5d0b20f922ab9f0431126d8448a00fb961158d3a7	yes	no	Get out there and find Boba Fett!	Leebo; identity verification pending	Unmapped shorter alternate or fragment of covered communication; no additional message invented
ILB14.WAV	dbd25708d7ca409384968231fd754d10a24022e8be7129ddbda0ad0debd2e481	yes	yes	We'll never get paid if you stay here all day!	Leebo portrait and matching communicator line; no human listening pass	Both modes: native communicator text and mixed PCM verified with original ROM pointer fixture; level-trigger timing outside fixture
ILB15.WAV	52e9ad7f736ab1446a22130b0be57478481ffc8def3a212248e7acfd1a7e3972	yes	yes	The ship is safe with me, sir.	Leebo portrait and matching communicator line; no human listening pass	Both modes: native communicator text and mixed PCM verified with original ROM pointer fixture; level-trigger timing outside fixture
ILB16.WAV	cad52c714bba598d1c93434b67c2075893dca6e56bc45d0b3ed95a07bcd03323	yes	yes	Go away, sir!	Leebo portrait and matching communicator line; no human listening pass	Both modes: native communicator text and mixed PCM verified with original ROM pointer fixture; level-trigger timing outside fixture
ILB17.WAV	c7459b5e28f1f91ee516b95971d695e4fa108225b2bbdef73476ecde8099e20b	yes	yes	Activate the computer in the observation tower, and we'll know where Boba Fett's Slave 1 is docked.	Leebo portrait and matching communicator line; no human listening pass	Both modes: native communicator text and mixed PCM verified with original ROM pointer fixture; level-trigger timing outside fixture
ILB18.WAV	8ba5b65bcb00cad9c7120f7b1ba96f37da999028e636c7504cf9941335df341c	yes	yes	The slave one is docked across the canyon in the second tower.	Leebo portrait and matching communicator line; no human listening pass	Both modes: native communicator text and mixed PCM verified with original ROM pointer fixture; level-trigger timing outside fixture
ILB21.WAV	18b7c25f0502c3702f203d7d1d28d059bd7c106e1b26c5b77265c0c5921cc8a4	yes	yes	The slave one is grounded. I'll notify Luke.	Leebo portrait and matching communicator line; no human listening pass	Both modes: native communicator text and mixed PCM verified with original ROM pointer fixture; level-trigger timing outside fixture
ILB24.WAV	096d18ff174551e26fec93f600693ea34f98355e3d25f304d0c49c2504e23113	yes	yes	Stop the swoop gang before they reach Kenobi's place!	Leebo portrait and matching communicator line; no human listening pass	Both modes: visible communication and mixed PCM verified; route and wording limits in PC_VOICE_AUDIT.md
ILB25.WAV	5d4d79b9c7443975132e0db1d7f5a18416e9dd7b065c55b85f9bea8ac11fa6e9	yes	no	HURRY!	Leebo; identity verification pending	Unmapped shorter alternate or fragment of covered communication; no additional message invented
ILB26.WAV	8e08b6a1e1bec6c14cd31ec03c517e8477af9cca3087e18b5b21bd5b992bae27	yes	yes	The swoop gang is almost upon Luke!	Leebo portrait and matching communicator line; no human listening pass	Both modes: original-pointer native communicator text and mixed PCM verified; level-trigger timing outside fixture
ILB27.WAV	e6c0269e5c9e54ef57ac8396e8a8eb4ec5154bab04a4a574e5120689e75752ca	yes	yes	I'm not getting a signal from Luke, sir. I think they got him.	Leebo portrait and matching communicator line; no human listening pass	Both modes: original-pointer native communicator text and mixed PCM verified; level-trigger timing outside fixture
ILB29.WAV	019a77af5fced1d26a68aa0543928f5791fbdb1f6c214b135dcb7dff9cd34ee4	yes	yes	That does it for the Swoop Gang, and for Kenobi's Place.	Leebo portrait and matching communicator line; no human listening pass	Both modes: original-pointer native communicator text and mixed PCM verified; level-trigger timing outside fixture
ILB30.WAV	21feffdc900980d86d3505a745a145238ac9d0aa2b60ae8dc18602a34ecd0fc5	yes	no	Head for Kenobi's Place!	Leebo; identity verification pending	Unmapped shorter alternate or fragment of covered communication; no additional message invented
ILB31.WAV	7b8ea2ccb812d97f80429be7b0e000453bfc83fc279f7c69231da3a6ec0a71ac	yes	yes	Your jetpack needs repairs!	Leebo recording for jetpack HUD status; no human listening pass	Both modes: Jetpack Malfunction status and mixed PCM verified; pickup collision outside fixture
ILB33.WAV	92959288a43bd522c772e6507b407ae1360adbf61ad24cc6de2d2b05ff76c017	yes	yes	Make your way through the ship and find the Imperial Supercomputer.	Leebo portrait and matching communicator line; no human listening pass	Both modes: visible communication and mixed PCM verified; route and wording limits in PC_VOICE_AUDIT.md
ILB34.WAV	43bb5021fe17fcc7bc0c76f2e3494570507a31e42dd4b1470eeb226a2b3fb34c	yes	yes	My scopes show that it is near the main cargo hangar.	Leebo portrait and matching communicator line; no human listening pass	Both modes: visible communication and mixed PCM verified; route and wording limits in PC_VOICE_AUDIT.md
ILB35.WAV	32c234507a6519188868deed349daece98cf47111cd98c8ba78291053a06de54	yes	yes	You found the supercomputer!	Leebo portrait and matching communicator line; no human listening pass	Both modes: original-pointer native communicator text and mixed PCM verified; level-trigger timing outside fixture
ILB36.WAV	e42f71d476b0ab313646813929eed26c522b05812e2fcfe89cddfe058c386fc7	yes	yes	Now, take the lift back to the control room and switch off the hangar force field so that I can pick you up.	Leebo portrait and matching communicator line; no human listening pass	Both modes: original-pointer native communicator text and mixed PCM verified; level-trigger timing outside fixture
ILB37.WAV	100927915f837aaf73d909167c82b645645c3a392382c98771c4a4b9436d9375	yes	yes	Make your way through the sewers to find the hidden entrance of Shizor's palace.	Leebo portrait and matching communicator line; no human listening pass	Both modes: visible communication and mixed PCM verified; route and wording limits in PC_VOICE_AUDIT.md
ILB38.WAV	26068c20684e38d5d4898e7627895793e167ce4d49ebd53e97b6a93ffea5b0e5	yes	yes	You'll need to find a security key that will access the main sewage gate.	Leebo portrait and matching communicator line; no human listening pass	Both modes: native communicator text and mixed PCM verified in Sewer event 25; pickup/door trigger timing outside fixture
ILB39.WAV	5864b97bcb5c8bb97883c8a89b64628802d6e56d05eb0ade55ee597ff650ec4f	yes	yes	You found the security key!	Leebo portrait and matching communicator line; no human listening pass	Both modes: native communicator text and mixed PCM verified in Sewer event 25; pickup/door trigger timing outside fixture
ILB40.WAV	e6c0650020c553d0c7024021dfc55d87ac98836cecc49beab458ecf3c07b82b3	yes	yes	You'll need to find a force field deactivator.	Leebo portrait and matching communicator line; no human listening pass	Both modes: native communicator text and mixed PCM verified in Sewer event 25; pickup/door trigger timing outside fixture
ILB41.WAV	0600cce1b22e4d2c254af1f3b14085b5989f40fc94b45338b5211bbfb3160974	yes	yes	You found the force field deactivator!	Leebo portrait and matching communicator line; no human listening pass	Both modes: native communicator text and mixed PCM verified in Sewer event 25; pickup/door trigger timing outside fixture
ILB42.WAV	5e15111e6b146e1fa457af88f590431ef2357b3270bd73857a6ca3fad43171d6	yes	no	There are four service panels to the space elevator that connect Shizor's palace to his skyhook in orbit.	Leebo; identity verification pending	Withheld: PC voice says four panels; N64 objective has three; rejection verified
ILB43.WAV	be3c458aebd5c0307dd7500756eb43fc44a871dfaa6d0505a1e1f86a8128dfb5	yes	yes	If you place pulse bombs on each of them, the palace will explode, and the skyhook will be cut off.	Leebo portrait and matching communicator line; no human listening pass	Both modes: visible communication and mixed PCM verified; route and wording limits in PC_VOICE_AUDIT.md
ILB44.WAV	fde5a0678f1fc45c813fe299b05e2823a87a730f71fdd9a64aab284f2cee48f1	yes	yes	The pulse bombs are set, and Luke has found Princess Leia. Just find a way out.	Leebo portrait and matching communicator line; no human listening pass	Both modes: original-pointer native communicator text and mixed PCM verified; level-trigger timing outside fixture
ILB46.WAV	25a793d8779df496c1264aa89f9c8d8464ff2703bd8c6fdbf2890039f26901fb	yes	yes	Sir, you'd better take over the ship. We've reached the Skyhook.	Leebo portrait and matching communicator line; no human listening pass	Both modes: visible communication and mixed PCM verified; route and wording limits in PC_VOICE_AUDIT.md
ILU01.WAV	60f3ad9164598a4608598de3f78f1b12de56d3603f29b8e1be7a91934800e27a	yes	yes	Rogue Group, we need to give our transports time to escape. Take out those Imperial probe droids! Be careful not to shoot our own turrets!	Rogue Group instructions; named speaker unverified	Both modes: native text and mixed PCM verified with HUD fixture; named speaker pending
ILU04.WAV	bbb0a17b20c920b9c9502742ce9de8970ebe317ca2e8a83574508fd3860b104c	yes	yes	These ATSTs should be no problem for our blasters.	Rogue Group instructions; named speaker unverified	Both modes: native text and mixed PCM verified with HUD fixture; named speaker pending
ILU05.WAV	4aae2f9427791f28f934dcf8a088262ac0de6e7546e4b36fbdd2b3f61039e868	yes	yes	Try using your harpoon and tow cables on the AT-AT. Go for the legs. It might be our only chance of stopping them.	Rogue Group instructions; named speaker unverified	Both modes: native text and mixed PCM verified with HUD fixture; named speaker pending
ILU07.WAV	104495afe2a24df69ab0415bd43cfae35c81aa501b745aed3a939f41c28cfa04	yes	yes	Good job, Rogue Group. We still need to buy more time for our transports to escape. Keep at them!	Rogue Group instructions; named speaker unverified	Both modes: native text and mixed PCM verified with HUD fixture; named speaker pending
ILU13.WAV	cc500b1e3b9c66cc0147a39df003b9a7409182cfb8c9c10f15bd79e695716d80	yes	yes	The Empire is attacking Sheezor's base, and us!	Skyhook communicator portrait and matching text; named speaker unverified	Both modes: visible communication and mixed PCM verified; direct-entry/native-damage fixture limits in PC_VOICE_AUDIT.md
ILU16.WAV	7b83bf6ec249c4558c4b7ab56664b901b5b6298653f15f69979fa7f45e7233b3	yes	yes	Destroy the turrets at the end of each arm of the station!	Skyhook communicator portrait and matching text; named speaker unverified	Both modes: visible communication and mixed PCM verified; direct-entry/native-damage fixture limits in PC_VOICE_AUDIT.md
ILU17.WAV	cf73da58c483608ad910958b50c8ba31b338c7540e914a1b478305cdec68cd07	yes	yes	That does it for the turrets. Now fly inside and destroy the reactor core!	Skyhook communicator portrait and matching text; named speaker unverified	Both modes: visible communication and mixed PCM verified; direct-entry/native-damage fixture limits in PC_VOICE_AUDIT.md
ILU19.WAV	6d83c811fac86781ea886b593c00275f619633b20da6db89c2b551286ca30dd0	yes	yes	Let's get out of here.	Skyhook communicator portrait and matching text; named speaker unverified	Both modes: visible communication and mixed PCM verified; direct-entry/native-damage fixture limits in PC_VOICE_AUDIT.md
ILU20.WAV	91ade12a8a7d72006df642925d31bb3912d7cfee64b2456ea014f1a3a116a817	yes	yes	Wait, where's Dash? He must not have made it out of the sky hook before it blew!	Skyhook communicator portrait and matching text; named speaker unverified	Both modes: visible communication and mixed PCM verified; direct-entry/native-damage fixture limits in PC_VOICE_AUDIT.md
ILU22.WAV	73e392a87e618015a67ade161a3372b47b2c1dceadcbd9c73d7ae44e9eb46cce	yes	yes	Return to battle!	Hoth command voice; exact Return to Battle HUD text	Both modes: native HUD text and mixed PCM verified; boundary traversal outside fixture
ILU23.WAV	04148954e41c6289c67ad80c4e02261bab961a7529a0a23a5a1447c075519e54	yes	no	Attack Pattern Delta, go now!	unverified; do not infer from prefix	PC combat-chatter table classified; no literal N64 text counterpart found; actor counterpart still unverified
ILU25.WAV	b0166f3ee84831b3446208ffb90ff7861f97688f5a62cb2d12f5f8be66580695	yes	no	Stay tight and low!	unverified; do not infer from prefix	Unmapped: no literal N64 on-screen text counterpart in decompressed main/level corpus; PC actor usage remains unverified
ILU26.WAV	5c628b2f9f1dabbd87bdf89a9ac5082ad8b12c77409608f399062422cec1b584	yes	no	Watch that crossfire, boys!	unverified; do not infer from prefix	PC combat-chatter table classified; no literal N64 text counterpart found; actor counterpart still unverified
ILU28.WAV	271cd4e9f998493ab9a3f0b17e4a1df1184a4cac62fef1d8a0a5f9f03c5e6918	yes	no	Wait, where's Dash?	unverified; do not infer from prefix	Short Where is Dash variant; full visible ending communication maps ILU20; other trigger unverified
ILU29.WAV	cfb77d025e6f2d37be51d62aac2f257e5890c536773fe344fcbd3e187add40cb	yes	yes	Good shot, toe cable attached.	Native Hoth tow-cable attachment response; named speaker unverified	Both modes: native acquisition/geometry checks attach cable and mixed PCM verified with placement fixture; sustained circling outside check
ILU31.WAV	33558806bc1a2c835dcb65df7e5aa5dab69611c56458bc38d2edab94dfe45d37	yes	yes	You lost the cable!	unverified; do not infer from prefix	Visible cable-loss text and mixed PCM verified in both modes; native loss paths audited
ILU32.WAV	7edcb566e8c1dd33d6716b33b144c767c3c8e012f226c89ebf2a859930fd091a	yes	yes	There's no target for the harpoon!	Hoth harpoon no-target response; named speaker unverified	Both modes: native Z-button no-target branch and mixed PCM verified; no subtitle added
ILU33.WAV	c114f0e4d491d51778d0b49a4df525392659b94941522373b3321c23e709563a	yes	yes	Cable detached!	Hoth command voice; PC successful Trip dispatch	Both modes: native Trip counter/cable release, rendered collapse and mixed PCM verified with completed-cable fixture; named speaker pending
IR101.WAV	b5be3f45a42610f9f7f6a33506ba09c2d5e95a10b6ec88a9af7de8a4440e94be	yes	yes	Check your fire!	Anonymous Rebel pilot warning bank; PC frnd dispatch cycles banks	Warning mapping and rotation harness pass; see paired runtime evidence in PC_VOICE_AUDIT.md
IR102.WAV	75ed928290142c0038e9755a6e6cd3bb5eb89b4d357a2309c8a49103cc7a9291	yes	no	Watch it!	Anonymous pilot bank selected by PC frnd dispatcher	Unmapped alternative friendly-fire takes; N64 three-message set uses IRx01/03; no extra warning invented
IR103.WAV	1985ef895aa89b9a971348803789daa4f8be038cd39d173d5991ac496471fe06	yes	yes	I'm on your side!	Anonymous Rebel pilot warning bank; PC frnd dispatch cycles banks	Warning mapping and rotation harness pass; see paired runtime evidence in PC_VOICE_AUDIT.md
IR104.WAV	8485339729045058ccda5d21332877ddee04ecba1448a8ce45dd70010a32e47a	yes	no	Hey, who saw do you want?	Anonymous pilot bank selected by PC frnd dispatcher	Unmapped alternative friendly-fire takes; N64 three-message set uses IRx01/03; no extra warning invented
IR105.WAV	e48f0ba217aaab65958ae8ccb2b3c874ab3a15dea244cc57486aa632b68b6feb	yes	no	What are you doing?	Anonymous pilot bank selected by PC frnd dispatcher	Unmapped alternative friendly-fire takes; N64 three-message set uses IRx01/03; no extra warning invented
IR106.WAV	fca9870d9699750fecb90031250f8ec62ad954821afb360b151996d48e0f4c44	yes	no	Coming around!	unverified; do not infer from prefix	PC combat-chatter table classified; no literal N64 text counterpart found; actor counterpart still unverified
IR107.WAV	cac0df102ca80bf38b2f29aa24bfe27fcb6336500478e6ee3be5916e3ace6a2d	yes	no	Set for position three, steady.	unverified; do not infer from prefix	PC combat-chatter table classified; no literal N64 text counterpart found; actor counterpart still unverified
IR108.WAV	7027650986e6a4670b35064a824c59815383fbc64331894c0cb105a3f64b1b94	yes	yes	Fire harpoon now!	Anonymous pilot bank 1; explicit PC HUD 15 dispatch	Both modes: Fire tow cable prompt and mixed PCM verified with HUD fixture; native target-acquisition timing outside fixture
IR109.WAV	9386ae154092adf6dbbe22820746989295d32fd7c152a2dfae8beb7546293282	yes	no	There are too many of them!	unverified; do not infer from prefix	Unmapped: no literal N64 on-screen text counterpart in decompressed main/level corpus; PC actor usage remains unverified
IR110.WAV	f8d61dce85272c69450f8fe461b3b3d8e8a903476968fe2767833b507da6c23c	yes	no	Copy rogue later, I'm on him.	unverified; do not infer from prefix	PC combat-chatter table classified; no literal N64 text counterpart found; actor counterpart still unverified
IR111.WAV	eb53b46c5246e0ef3feeac6a70762c7d10c30f85a0c974905b47d2d9d00740c3	yes	no	Cut to the left, I'll take the leader.	unverified; do not infer from prefix	PC combat-chatter table classified; no literal N64 text counterpart found; actor counterpart still unverified
IR112.WAV	c0f50dae69c47acdbc252bc20d52c897b435c3a7d0921e5ffe7303b453656e63	yes	no	They're everywhere!	unverified; do not infer from prefix	Unmapped: no literal N64 on-screen text counterpart in decompressed main/level corpus; PC actor usage remains unverified
IR113.WAV	84bbb0ae74eaa8f9173c7b2cad3bbb6d3a11ddf939ddfd349f238a71e9d9ddef	yes	no	Watch it! You pick one up!	unverified; do not infer from prefix	PC combat-chatter table classified; no literal N64 text counterpart found; actor counterpart still unverified
IR114.WAV	c7bf24cae1450adf05fcf84bd10284683947b42d08ad27f3fc7abdf4580b6b8f	yes	no	They're too fast!	unverified; do not infer from prefix	PC combat-chatter table classified; no literal N64 text counterpart found; actor counterpart still unverified
IR201.WAV	a077882e6a520001103d0a1a5ae71ae2cbed2497015ff6e629d1140c750b40ef	yes	yes	Take your fire!	Anonymous Rebel pilot warning bank; PC frnd dispatch cycles banks	Warning mapping and rotation harness pass; see paired runtime evidence in PC_VOICE_AUDIT.md
IR202.WAV	86cece8fefc77a7b736dd9221c17b31a8010188c2a9d3b3a128a3d0bb945c43f	yes	no	Watch it!	Anonymous pilot bank selected by PC frnd dispatcher	Unmapped alternative friendly-fire takes; N64 three-message set uses IRx01/03; no extra warning invented
IR203.WAV	bc2e2ec6121026d2aceaf228e739f0c9c2c0cd7af7f0abc0e8dbb8bff7e71015	yes	yes	I'm on your side.	Anonymous Rebel pilot warning bank; PC frnd dispatch cycles banks	Warning mapping and rotation harness pass; see paired runtime evidence in PC_VOICE_AUDIT.md
IR204.WAV	a5605dd968d4f8fe866869c0d813a95dff1a985ee3f54f0cbdddcde5039c3fa5	yes	no	Hey, who side are you on?	Anonymous pilot bank selected by PC frnd dispatcher	Unmapped alternative friendly-fire takes; N64 three-message set uses IRx01/03; no extra warning invented
IR205.WAV	5a1444ffdeda4cb1ddca9dcb6afc750387c0a76ab299cb279a17fac759fdfc50	yes	no	What are you doing?	Anonymous pilot bank selected by PC frnd dispatcher	Unmapped alternative friendly-fire takes; N64 three-message set uses IRx01/03; no extra warning invented
IR206.WAV	227cf9a9a8a132d6550a6512e10060bbfb68208f0eeb9685dec942fd94e31cb5	yes	no	Coming around.	unverified; do not infer from prefix	PC combat-chatter table classified; no literal N64 text counterpart found; actor counterpart still unverified
IR207.WAV	17b42fff1dec933ff154735dd3d0f475afc4eb85ce42f458fc1d4bd0c22b249e	yes	no	Set for position 3, steady.	unverified; do not infer from prefix	PC combat-chatter table classified; no literal N64 text counterpart found; actor counterpart still unverified
IR208.WAV	bb94775b3e611eb82c2c6957b837b67697e4f12b0de446244167b004ab5cf4a9	yes	no	Fire harpoon now!	Alternate pilot-bank take of Fire harpoon now	Unmapped: inspected PC readiness branch explicitly selects IR108; no bank rotation there
IR209.WAV	1716677bea5afa794677f1748ad36ccc9409e5054ee66824b3fe28c4e414556a	yes	no	There are too many of them.	unverified; do not infer from prefix	Unmapped: no literal N64 on-screen text counterpart in decompressed main/level corpus; PC actor usage remains unverified
IR210.WAV	c7ae2825d55bb428ed863a7c65e887c3b99adc0ef997cc09c44acaa1890a36bf	yes	no	Copy rogue leader. I'm on them.	unverified; do not infer from prefix	PC combat-chatter table classified; no literal N64 text counterpart found; actor counterpart still unverified
IR211.WAV	87006ba37c994d35e3be30c4c176252638c53ed801cbaf95630454f858dc946c	yes	no	Cut to the left. I'll take the leader.	unverified; do not infer from prefix	PC combat-chatter table classified; no literal N64 text counterpart found; actor counterpart still unverified
IR212.WAV	7c9b4c029791f1f64e5dfd7dc57b8e58073dd157011849fe193655a942e8a2ab	yes	no	They're everywhere!	unverified; do not infer from prefix	Unmapped: no literal N64 on-screen text counterpart in decompressed main/level corpus; PC actor usage remains unverified
IR213.WAV	ce5b0289867326d3702b9af9476e5be45c4dd89259ddb8db09ef320b0c337cd7	yes	no	Watch it, you picked one up!	unverified; do not infer from prefix	PC combat-chatter table classified; no literal N64 text counterpart found; actor counterpart still unverified
IR214.WAV	51525c9141c40586b5ef4d5cb371cde52e33a44e2f57511f017a598821076d74	yes	no	They're too fast!	unverified; do not infer from prefix	PC combat-chatter table classified; no literal N64 text counterpart found; actor counterpart still unverified
IR301.WAV	4b4f15cead0bbe8bc6ad491aabc6cfcb25d499ebf221d50d5448c30d91b14030	yes	yes	Check your fire.	Anonymous Rebel pilot warning bank; PC frnd dispatch cycles banks	Warning mapping and rotation harness pass; see paired runtime evidence in PC_VOICE_AUDIT.md
IR302.WAV	93a4e276a8ecad54457a0a0e1ab25e8b0ec8c9c63bc75e80dceced88b87dbde2	yes	no	Watch it!	Anonymous pilot bank selected by PC frnd dispatcher	Unmapped alternative friendly-fire takes; N64 three-message set uses IRx01/03; no extra warning invented
IR303.WAV	a7f83160b9990f0aefaddb4de21c7b7434c8458db835933e77fdbdda4dc79d2a	yes	yes	I'm on your side.	Anonymous Rebel pilot warning bank; PC frnd dispatch cycles banks	Warning mapping and rotation harness pass; see paired runtime evidence in PC_VOICE_AUDIT.md
IR304.WAV	dc9f4a03ddfb07139e9f6b013d0a5df90aea3e9e6884d42bbae7199e251f7c43	yes	no	Hey! Who's side are you on?	Anonymous pilot bank selected by PC frnd dispatcher	Unmapped alternative friendly-fire takes; N64 three-message set uses IRx01/03; no extra warning invented
IR305.WAV	1d8291ef36984a4be7104d2830e0285b94905f2cfa4740ef74b0e96b43901893	yes	no	What are you doing?	Anonymous pilot bank selected by PC frnd dispatcher	Unmapped alternative friendly-fire takes; N64 three-message set uses IRx01/03; no extra warning invented
IR306.WAV	0dda9ac828a225baa6f811dfe204e129f8388289c7c5c479e59bbfc561fa1b09	yes	no	Coming around.	unverified; do not infer from prefix	PC combat-chatter table classified; no literal N64 text counterpart found; actor counterpart still unverified
IR307.WAV	97b5ccccc1d9ff389fcd20649a2126c767dd7bae4c8adf8b20177976d43dc4f8	yes	no	Separate position three, steady.	unverified; do not infer from prefix	PC combat-chatter table classified; no literal N64 text counterpart found; actor counterpart still unverified
IR308.WAV	c3fcb15f0c16e2ff02cd2d31a7e59edd2f11a42ab1c8d0ace3d8e321312fce4f	yes	no	Fire harpoon, now!	Alternate pilot-bank take of Fire harpoon now	Unmapped: inspected PC readiness branch explicitly selects IR108; no bank rotation there
IR309.WAV	46a06e9679751be32ae5d18f585624d1dfb0a3c9b04ac45711332929ed53fdb1	yes	no	There are too many of them!	unverified; do not infer from prefix	Unmapped: no literal N64 on-screen text counterpart in decompressed main/level corpus; PC actor usage remains unverified
IR310.WAV	27acbde25c27dcaf21497d9f0d64db60d3944d20f11b7208e0a50f6693a85a5b	yes	no	Copy road leader, I'm on him.	unverified; do not infer from prefix	PC combat-chatter table classified; no literal N64 text counterpart found; actor counterpart still unverified
IR311.WAV	94d8c0d84bcb733b06f7fe18b8a5c92566bcfd7c4bbfc6867051340f2043f3ed	yes	no	Cut to the left. I'll take the leader.	unverified; do not infer from prefix	PC combat-chatter table classified; no literal N64 text counterpart found; actor counterpart still unverified
IR312.WAV	7c59692ab10df2865436087e84e6bcd0352ed9fcec6caef588a74bb0712d28b3	yes	no	They're everywhere.	unverified; do not infer from prefix	Unmapped: no literal N64 on-screen text counterpart in decompressed main/level corpus; PC actor usage remains unverified
IR313.WAV	2343ea59f14fd9e4b708d9d4cb1b99100ece34dbdfefc25cf22be7d208992ba6	yes	no	Watch it. You picked one up.	unverified; do not infer from prefix	PC combat-chatter table classified; no literal N64 text counterpart found; actor counterpart still unverified
IR314.WAV	965fc1660a22f71a61cd501e12e837c15162c02e713c9083a1ae33fa8f753774	yes	no	They're too fast!	unverified; do not infer from prefix	PC combat-chatter table classified; no literal N64 text counterpart found; actor counterpart still unverified
